build_type,case_group_id,measurement_name,impl_mod,50,100,200,300,400,500,600,700,800,900,1000,2000,3000,4000,5000,6000,7000,8000,9000,10000,15000
sequential,alternate_insert_and_delete,25th_percentile,gb_sets,82691.95608410932,74285.38665422563,66397.0003621226,67221.01597843549,61530.509903335565,59821.5322784028,55849.89341909883,56510.95185732606,53237.05955964055,50047.8992909632,53108.71885837498,44314.6517533092,37699.00361533445,36606.59901718982,33632.324612795055,31719.489408352943,33330.831578823745,30315.990829960578,29516.129046214002,28937.19471259578,25713.54856234896
sequential,alternate_insert_and_delete,25th_percentile,gb_trees,81150.60314976718,71528.23587723677,63201.06880680446,57985.65308889227,61214.49559255632,60252.95125379092,51282.79445401575,49681.047673933346,48015.057522038915,47014.30671776831,47928.45149301477,43759.46298387026,36308.194813176146,33484.79622827255,31999.993449148555,31150.853369873086,29202.91429004092,29166.416541233826,27596.432049919713,26238.04201235287,25282.55725224713
sequential,alternate_insert_and_delete,25th_percentile,xb5_bag,81668.47415610873,78974.59387315101,63098.04278209654,60934.89635225981,55175.76239109684,57205.87406312849,56707.135625616735,60997.109803966174,54975.477203604125,55580.39843092345,60399.2725041783,47208.0300392988,44462.68962601327,43056.748564466485,41465.986755528975,38663.33789310721,36275.97275073225,35344.78691467946,34702.22024805147,35414.35294548352,31621.25327675237
sequential,alternate_insert_and_delete,25th_percentile,xb5_sets,89600.1146881468,77000.7236154719,87605.29269702564,70881.76920895945,64206.69418993624,67901.94400924636,62024.758367220384,60606.447153031426,65559.15402467646,60420.89872537111,62642.61186745596,55897.155666294835,48846.371907344976,47735.515954293114,46001.94805549967,42124.56580060969,41495.9685958982,40202.52136337635,39147.294405791654,37989.15789433695,36202.57708164386
sequential,alternate_insert_and_delete,25th_percentile,xb5_trees,74810.1658831568,68316.85742176078,62408.80899434505,56733.6202336063,58129.77102548005,54005.158939382156,55708.10662848204,52153.4834530043,55396.01176560053,57467.105930262594,53388.937111353356,43464.01218631953,41731.52441085521,40538.306047212805,38001.830480722565,35878.214813980216,35353.30323588785,34153.92379983043,34426.84467640487,33430.05763341936,31663.859826476706
sequential,alternate_insert_and_delete,75th_percentile,gb_sets,143899.53155650993,120397.49192651725,119220.71085539483,109465.48006086281,103379.47503902575,97468.66830267615,91606.87200633992,90137.27769516691,85776.77103247921,82078.83755123892,81865.21710655576,64091.8821222104,53168.01624814577,51680.60386927263,48380.20870079684,43556.99166254104,44212.71966026632,42152.96399726295,40908.83393481977,39035.20585215806,34019.93492408524
sequential,alternate_insert_and_delete,75th_percentile,gb_trees,139079.791386611,133909.77447937586,119641.21224668744,102478.03122697664,111598.42423024988,100302.49173216254,93282.44701580031,87359.1333973967,92494.95902473315,79436.1212644652,81448.13065503523,64935.06493506493,54508.98131741408,49051.346949987244,46998.81831860592,43773.06423184175,42506.00591733722,42323.71243462374,39072.53272388106,37748.81185614683,33867.45224924492
sequential,alternate_insert_and_delete,75th_percentile,xb5_bag,150254.9065542358,134064.43136571435,125652.48431798424,117385.3841957773,107493.36228487891,110953.042263149,107053.17062140146,94388.69144453321,104934.59915789409,104896.44792514067,101926.67831427007,84373.70098201276,75418.20965812373,75082.17104011432,69410.09165409053,63249.82041531257,64466.89522936057,62812.51947071368,59116.67858853018,57147.92385107375,51099.55354891856
sequential,alternate_insert_and_delete,75th_percentile,xb5_sets,148681.1977757293,146104.38443750603,134317.52128959098,122690.35408436188,117362.62704504377,120497.18739627492,109376.1788270055,111599.3583062958,110782.9039076449,111104.80455899498,106811.49480438442,94963.67594056929,81596.47597112808,75102.10293816851,71859.9808683334,67971.12636984466,65944.1413541507,61709.609467000686,61032.887944826114,57921.31967934757,52466.83950769223
sequential,alternate_insert_and_delete,75th_percentile,xb5_trees,138441.9122673012,134981.2044929244,111534.02329294317,111816.85069393177,114111.62705300405,105376.86472860047,106160.09787465243,104511.94081447793,109222.53853312356,97303.04620791462,99641.50685482535,83536.51646318834,72606.87732342008,71349.98878999073,66212.0975610915,62730.367500695684,58227.214235389336,56521.00542999862,55647.37372219718,55561.420372150395,49443.104247452
sequential,alternate_insert_and_delete,average,gb_sets,117883.75283410061,104438.5217636494,99149.41003248753,91479.10905899745,86935.52738151481,82636.92393503788,76830.0927630714,77967.18259532354,73593.84034129993,69651.64021989045,71204.08770541496,56114.09605196983,46982.99565282589,44981.174241748304,42251.29125200153,38387.89070782875,39400.63160940424,36742.386146497665,35901.63972085412,35095.61379427039,30857.043776613595
sequential,alternate_insert_and_delete,average,gb_trees,119575.53747022663,107497.5271188836,99005.37934566289,85902.35802622842,90321.84337536151,83865.59976959923,73556.53919293896,71646.83964400853,73912.96699354827,65710.63015139167,67687.223025073,56539.632199083906,47864.19088164848,42953.87429293826,41082.11673749637,39450.21273739831,37537.896942263156,36762.42368057114,34374.632904544735,32427.1041831239,30532.411756923713
sequential,alternate_insert_and_delete,average,xb5_bag,119873.62986105151,108822.97186785228,100470.83201393079,95957.13903844479,85749.51066734247,88383.87245852759,87200.19845151629,81648.12596586533,86434.15346516603,85226.99640810049,85729.94746680284,68471.65927632531,64044.43944287161,60986.074860512344,58992.49069242036,53332.565653351114,53114.152773238246,50599.94313320094,48805.50594171883,49333.463519197016,43089.429759408624
sequential,alternate_insert_and_delete,average,xb5_sets,124436.67217703909,118995.76304901367,113356.92295026565,104785.07664264999,95149.91443897873,97293.20722249763,86921.85198831529,89858.6919747069,95118.4020339232,90783.01454231385,90364.65576709555,77637.72532445073,68147.12846142559,63214.31126093135,61840.287761183725,56701.99355751733,56589.77066226202,51784.443800780056,50765.11324419681,49302.54580823809,46728.5582208191
sequential,alternate_insert_and_delete,average,xb5_trees,115020.49399158848,104734.10234392973,93434.660874041,88816.56293474321,93117.5017021192,83947.33576788018,87583.53111991513,88503.4821012512,89034.26047441075,83820.87441234017,79462.28184746992,65314.60030937881,59343.78555857619,57825.50610527207,55942.35808067548,51670.482151993536,48724.62268280268,48665.212774190375,46459.40276880346,46287.66493705625,41725.639014884175
sequential,alternate_insert_and_delete,maximum,gb_sets,194806.45978220637,209332.0215193318,173343.2716809097,148681.1977757293,146702.85337049805,119918.4554502938,117748.1837342659,118234.05613752986,115190.12129519772,105669.14989168911,110309.52853707504,126932.54804396944,63721.05471089757,59165.64605927214,56149.49240858862,52255.88662562838,58015.07231578764,47006.39757070937,45964.96550329339,65739.7363836571,50791.58688154894
sequential,alternate_insert_and_delete,maximum,gb_trees,252079.65717166624,171886.28003712744,177863.15209078134,139145.92232874615,144481.52803664052,126596.7008899748,119317.50387781888,105981.60159396329,112564.44314369977,105125.94087717085,151194.43604475356,127385.28954676315,66257.19718804455,58298.49997959552,115842.63935869515,113725.53479432737,48290.28254644318,50133.6060601503,46068.51309267142,45367.933944288176,40595.78372190264
sequential,alternate_insert_and_delete,maximum,xb5_bag,246864.8168263059,182165.95318335004,159979.5226211045,176115.24981948186,139145.92232874615,137674.67474358092,145953.4408523681,124072.55763170302,141763.5384179189,148838.3169363121,148683.40841845458,106692.84197723174,98881.64855484471,92137.02618534284,83535.90791001511,73275.64097866946,77646.98574401342,71554.81456569805,91140.2557395576,64700.21156969183,61293.28838492185
sequential,alternate_insert_and_delete,maximum,xb5_sets,230936.21541730175,233956.43731137263,176550.55525149626,212120.56933160807,161786.11875101118,141622.999575131,144337.63459484425,147610.19100758716,150715.90052750564,151036.8680995031,147762.87014598973,160158.87760658574,113097.86358135694,93950.52565319103,99707.85598197283,81306.10120983479,107091.60615990919,75637.2437788367,73501.84857149157,96483.18780452506,62117.588595210735
sequential,alternate_insert_and_delete,maximum,xb5_trees,221297.68965212003,212436.00365389927,159091.27066197878,155125.3412757508,157688.91131575627,141904.35646374343,167855.6441460344,144627.8003557844,136104.41931049502,135973.02295224628,120420.99178728837,104894.37136803239,97868.42568850437,83535.90791001511,102126.26891889132,75358.5181500991,68181.19835274224,66907.08612949197,61849.038865936025,64005.73491384828,56885.733626863715
sequential,alternate_insert_and_delete,median,gb_sets,113365.83153837433,105087.96591004208,102786.54318576612,94696.9696969697,92137.02618534284,87359.1333973967,80349.95635258281,82170.15503848203,77041.01453052282,75239.44954818711,74379.85793447135,58801.392416972434,49000.872215525436,47647.63620076808,44632.51345419162,40435.79005384422,41580.514803195794,39465.66214842727,37888.690604741394,35768.44936618308,32445.259338376673
sequential,alternate_insert_and_delete,median,gb_trees,118526.9471014235,113369.31553398099,104285.61051387957,94446.26119729488,92494.10350090182,89154.40551658196,77173.23154293935,79766.44385240017,76773.074147435,69337.06829007856,74264.41100895629,59633.848172222555,51182.507850692666,47207.66652504366,44069.36518079457,41749.81927974592,40526.684795603665,39552.73764273594,37276.990404902666,35599.47739967177,32071.15989134161
sequential,alternate_insert_and_delete,median,xb5_bag,116316.32735985347,112919.07090188462,104397.8797011717,100410.30857426047,93888.77935197964,93643.48054088475,90766.23377329415,88165.53961718523,91548.26424490992,89517.0081779453,89376.72196892998,77353.28016584543,71093.32174438472,66844.47296475292,63777.95068688853,59386.92289640517,58537.04224032968,55539.5108079888,54317.715179628685,52601.569022439544,47711.705532199565
sequential,alternate_insert_and_delete,median,xb5_sets,125596.58377292138,118723.95493238671,119517.15071112705,107654.21466250403,101474.42337158919,101836.31196881959,87631.97231018578,93798.89265244955,99328.05743453547,97534.85255212152,94570.69632403704,83832.00197153006,74187.32214827924,65635.09435419753,66705.07762306585,62853.551225644245,62090.78293432585,52999.480952319514,54607.80673205041,51503.91429748661,50504.79543032611
sequential,alternate_insert_and_delete,median,xb5_trees,121237.19072097832,113952.34047448487,101187.99725894774,98847.45069415736,99847.28250818975,93431.20485870534,92524.06595749428,94384.51426192325,94137.26888848096,89600.1146881468,87412.34322526978,72940.29433818579,66348.63554031012,65275.491730544716,61756.17359058267,58525.11303897106,54400.156672451216,53286.75486707233,52122.6968283339,51503.91429748661,46301.102073518414
sequential,alternate_insert_and_delete,minimum,gb_sets,46098.24457884644,52141.72119821675,58322.30069811794,43362.12578485448,34526.45244153809,35581.87032543179,37247.97091678431,36202.633379552026,35912.05855102026,32832.20445270357,42261.31863766413,22605.15352290015,35327.2005313211,25779.840164990976,28251.939495646377,21297.213259644974,623.008902485712,15489.083294094322,19369.747166690235,25779.773705146417,16612.261510220695
sequential,alternate_insert_and_delete,minimum,gb_trees,37151.38073106487,62826.30411700771,51633.956555188954,23384.154896642034,39861.123844525675,49406.87051941443,35643.761985214966,36760.24599956623,40005.760829559455,40687.95189056569,38110.482288153355,31052.04322444417,22178.014047554097,29286.435987172543,20367.179512246785,19195.77385842733,24870.796213669986,17359.513794737635,24421.15751402385,19182.885796607698,21190.032208848956
sequential,alternate_insert_and_delete,minimum,xb5_bag,45686.29959247821,42436.536160172465,52951.51759049414,49017.92585548535,37858.56796180828,36349.62523536383,46578.137153982665,22723.554327473685,26574.117872157232,30811.513646419393,46929.18854740083,632.9651543821001,31761.559619623564,33993.60240402756,34509.77144178374,18396.65769522993,27791.364667170616,21553.675117144223,26529.773037791663,25779.840164990976,29680.988733096678
sequential,alternate_insert_and_delete,minimum,xb5_sets,55111.90472253912,47886.52808305439,4542.838283588497,62361.246227144606,42638.83203711284,48618.26880068454,38324.60171157671,53787.15347626373,46821.74027044237,53847.686434152354,35127.90068639918,35572.88350236382,34147.64073950131,31754.499612595104,24165.62150353664,24737.595950950294,661.577066086984,32854.85709779905,36619.17160110004,31579.412749240517,17467.492995535307
sequential,alternate_insert_and_delete,minimum,xb5_trees,47934.7320688151,24827.63414991422,31153.424384408336,36358.87665614683,39400.327022714286,35353.30323588785,39368.063839252325,47254.51280597297,38161.23886645856,47021.64876709237,30646.644192460924,26633.42814833754,36788.6455524367,674.6127048461478,33945.253095807086,30226.091161890945,22431.633987514553,29436.872626652144,31670.22428852841,19294.031391389075,19435.477131245832
random,alternate_insert_and_delete,25th_percentile,gb_sets,83548.78792900089,78423.43851991475,66776.5037278128,62621.66223137761,64036.936418978556,56359.30839728855,56977.96378142298,56418.802237550815,52974.150411827526,49492.68956686941,46864.203486391765,39569.17314378067,36713.14550888091,33891.05569087996,29408.17541231122,29013.61312916664,27584.063229278057,25957.447894096375,25137.141120302716,24383.70406406147,21892.9414953005
random,alternate_insert_and_delete,25th_percentile,gb_trees,76752.56991990689,77646.98574401342,61267.00159294204,60477.79880533926,53838.37827657828,57415.76147393485,48692.73474966538,50327.37960432614,48524.2148022693,44786.21301218633,43800.06905469433,36350.73898965768,32064.21577767159,29758.11212308944,28211.777465550702,26767.867049393903,26609.882723000694,25408.108318430233,23681.95915185839,22997.29653558399,21501.908294361125
random,alternate_insert_and_delete,25th_percentile,xb5_bag,80093.42190192331,69119.71483860197,69572.96116437308,59214.694718641374,56831.759568183086,53336.59454135903,53326.22317024397,51086.01973557551,50990.49027356398,50244.72697059455,48503.07939390419,41801.88734064358,39316.60390159022,37142.02387961827,36590.66718299762,33819.21604494021,33789.299422120166,31903.116615462164,33263.12642838828,30417.347361694465,28291.077335096208
random,alternate_insert_and_delete,25th_percentile,xb5_sets,85905.01398024263,82979.97421469781,76281.72366182787,67238.17118464733,65717.18641631088,65069.088496702214,62874.61541896799,58227.4988224088,65074.89078127907,56660.540807388286,65214.57913727122,49681.047673933346,48933.97338970527,44301.91681157526,42078.084563291195,41646.79391174256,38120.65186314686,39227.031694018966,35966.17740676668,35208.561493397465,31990.41036003646
random,alternate_insert_and_delete,25th_percentile,xb5_trees,93277.49120859646,67032.66501766311,64243.00820647537,56370.73907676004,54153.28629217864,57232.50944463419,51620.19479340801,54030.56630553317,49034.75092798266,48834.08619216213,50679.66857237639,41120.45002220504,38427.544864158626,35872.1565388537,34044.48341861296,33099.77213324082,32286.40349679571,32193.301605965444,31337.54927829624,29879.18892988476,27795.425078611323
random,alternate_insert_and_delete,75th_percentile,gb_sets,145695.33011359078,126550.09647778733,117583.56657316689,101223.83383274588,100797.80078571859,93338.55552709976,90722.49468965863,87229.34976937414,82099.69642806936,78397.18723945477,72095.50941206694,62376.079459534725,52620.777840338036,46971.623046502165,42762.97528899011,39335.42794498552,37132.22001568917,35568.45559981429,34368.89683581771,33799.03079576822,28854.101142017254
random,alternate_insert_and_delete,75th_percentile,gb_trees,132851.27567169463,137805.5838822589,113097.86358135694,107858.649627629,98271.33963668466,96958.15052173236,92375.37810400897,87465.34185828865,84064.37233543448,80168.67489197271,76414.24070668177,61809.88264243941,51027.311330745964,45862.28841099847,42626.10935263774,39270.88456387523,37071.98502604576,35679.57550089086,34591.12831905116,32548.533932746544,28913.76757957069
random,alternate_insert_and_delete,75th_percentile,xb5_bag,128159.78246045663,125460.445916344,119417.24385001195,104283.98615108663,106045.37189457186,102454.83059998968,99224.06778988312,98255.32304497565,104282.8986474508,92979.17614544352,86697.63106006403,78006.77536900912,69270.23519010996,66272.41358776817,64264.50016036877,59729.54200199804,58063.43877747223,56392.673463863575,55832.058730601435,51297.04343187851,45921.54862027171
random,alternate_insert_and_delete,75th_percentile,xb5_sets,139315.29527059288,139777.35110650028,135460.9736934789,127557.34688386583,114890.71772676027,112789.28637944753,116886.91092817813,100301.99009951844,102108.10819670622,103007.82859497322,102345.24120482725,88166.31694027614,81168.17233626351,73928.70720848833,66798.04708600695,62594.319591609805,61267.00159294204,61019.36177813396,57226.57144165179,53894.531024408236,48327.35182019964
random,alternate_insert_and_delete,75th_percentile,xb5_trees,148066.98550424213,126486.2130027827,120475.27820748684,112651.9393031351,106454.32577152773,100725.8109214057,104590.40694223132,99519.86185491478,97668.64934024827,92315.64565562572,87332.45536171997,77269.60136612655,67730.02810796167,65121.73299210309,60040.42507938051,59350.01406171254,54312.115972577725,54148.167901493835,53505.69300573581,50103.125073557865,46657.7870680474
random,alternate_insert_and_delete,average,gb_sets,118257.30820811943,109365.28055476125,95317.56513576604,86977.19636305317,84497.40580357211,78635.11333897473,77115.50443912858,75443.50390742013,69981.29278686614,66266.03831209807,60992.366237259346,53073.19900202984,46121.54471011779,42274.69171598519,37207.74918142587,35211.89262944621,33075.69233873689,32070.894400135192,30676.12440794597,30130.86985057799,26242.1215455486
random,alternate_insert_and_delete,average,gb_trees,109365.18389759364,113788.50184185045,92504.6907483867,87132.31959097252,80688.92816889881,80703.0229936005,77365.40337615348,71274.70008980166,69628.71583137603,66708.82672281784,62357.36222606268,51322.650100672705,43640.979115347414,40438.600402107666,37039.751459265506,33475.071727476294,32946.939035961215,31942.545333957674,29942.471529735874,28938.40430212416,26009.532380142704
random,alternate_insert_and_delete,average,xb5_bag,112666.89913651982,106164.65060617401,96006.10837485766,87734.4599143937,85212.26743416478,82579.64629351044,80610.2610970377,78394.99894776504,80325.14607097743,78042.38756278045,71800.5056675012,63047.51077287671,58870.78063981126,53392.073258942524,54777.08101412289,47839.11395521401,47357.552221268554,47217.11221780491,46535.98308708456,42821.76731680289,38864.62771492071
random,alternate_insert_and_delete,average,xb5_sets,120287.23809227208,118764.87587024874,111153.51316383,103479.43217777796,94512.89854703771,91945.49258464681,94280.53865301333,82103.59374271396,88157.30461943532,83075.46757707401,87234.16567603122,71536.3781710519,68726.35928671011,62472.10302294442,56410.98548752197,54760.304633637024,51527.93479618733,52600.12152857052,48784.7112223175,45000.880518878126,40082.206644355436
random,alternate_insert_and_delete,average,xb5_trees,125398.18467641536,105187.04415376963,99167.90951245354,90115.79200955978,87098.15132513766,85015.96999453085,82345.6822682889,83050.85710776513,75965.53422065679,73739.73790601124,74676.4383741884,62275.0688883919,56071.87488916601,52041.08385483532,48901.036655267795,48737.58105198189,44782.13860334024,45069.753444165835,44279.06101692177,42946.49733487851,38581.267203718206
random,alternate_insert_and_delete,maximum,gb_sets,209021.36198319469,182165.95318335004,161420.50040355124,137805.5838822589,123325.85156500505,123325.85156500505,109802.02694541741,147760.6867916722,99500.507452588,107736.56255723505,91314.19387829644,74963.64263332284,60160.14630947582,70846.61707403472,48817.39852083282,45253.373639004785,43586.27903935841,94074.26222259853,43165.964500310794,39400.482261902886,34735.85121940206
random,alternate_insert_and_delete,maximum,gb_trees,194276.61103879704,202519.340597027,171886.28003712744,142753.13700018558,115561.5133935794,119517.15071112705,149929.53311943388,106137.95811796172,111252.03034955388,99778.49174831873,89487.86097165919,70255.80137279836,114271.34874472923,110906.55014085132,49802.036903309345,44493.88209121246,40389.51649709801,44590.70194683005,40538.18494330735,37374.37538075145,31221.412893819095
random,alternate_insert_and_delete,maximum,xb5_bag,203095.17039684797,193749.63671943115,162522.34682268812,209634.81615026624,136364.25620116456,141065.60961503195,154123.5762834641,145066.2952969507,126372.72371131415,113008.39652386172,130045.77611319184,121340.07984177253,79855.6210371648,80168.03219548173,74303.03750817334,88932.36693494597,69169.68707633567,70015.26332740538,63692.64477338157,61849.42139866282,73464.05036695293
random,alternate_insert_and_delete,maximum,xb5_sets,241045.17186520755,216614.31820643344,192189.42189421895,180786.05777922407,155632.33417374795,141904.35646374343,156482.27838197324,134064.43136571435,135076.72357899288,135587.70490691904,142753.13700018558,105279.78101805548,129224.00982102475,90050.33813901972,79412.97925732982,72059.08845253107,71376.05904227604,69471.46112377035,67189.85164480757,62853.946285017504,56370.42131252889
random,alternate_insert_and_delete,maximum,xb5_trees,244337.47892589244,176332.63388055228,182628.38775659289,168844.76412386453,167658.64699471876,142610.63019637484,130401.89865164437,146252.28519195612,128992.31205820134,127955.77848295629,129575.63977972142,100690.73846587591,86514.17102121327,74341.15154443742,68803.70989603759,70393.78282110124,64787.81988986071,63692.64477338157,62198.72492613902,57066.87667277282,51356.32042235438
random,alternate_insert_and_delete,median,gb_sets,119666.79596159508,112919.35310320737,95200.92154492055,92255.64130167128,88003.37932976626,82242.23015669917,79435.4833903439,77773.80267230787,73900.83038131379,69708.27088634066,64208.28457162126,56392.751799834004,49492.20992615762,44266.93690550183,39888.98695212614,37438.51534166341,35502.36900788313,33430.05763341936,32560.015372166246,31712.307523042145,27880.88735586361
random,alternate_insert_and_delete,median,gb_trees,113053.89341144396,113725.53479432737,97868.42568850437,93399.46015112032,88274.49838016296,85151.13935007995,81911.48644774457,77061.78814173205,74418.34765292358,72570.52040320181,69657.56566925341,55496.80047367585,47552.7002800854,42537.62452889581,39983.72652882017,36169.1983308566,35871.63935059076,34074.568786332005,32193.693962529796,31330.676491966813,27716.10943428649
random,alternate_insert_and_delete,median,xb5_bag,115469.30610108866,111338.72292311373,99018.72444079176,94012.35322321353,90851.27646043427,89320.80460180786,88767.37621389388,86436.60521718509,85176.69906220454,84672.57116729606,79767.08012603199,70900.92970996947,66119.26701142505,60210.858426208586,59399.024014348164,53475.875355538265,52485.7238831038,51190.95762924437,50576.41690502466,47966.941778304565,43231.7579435052
random,alternate_insert_and_delete,median,xb5_sets,117972.57207302738,121134.30160018412,113996.48890814163,107574.30695252746,102308.6061563232,98609.60457548565,98677.6534256252,90918.0609944933,93368.9479928063,91518.53018427816,90909.09090909091,78584.22657404206,73388.57046403593,67331.90963630173,62090.88799682422,58910.28371993473,56326.28691484029,55325.33187852489,53069.2606921293,49916.12677983943,38887.556713974176
random,alternate_insert_and_delete,median,xb5_trees,123858.94942839094,113187.4724105536,105944.05720871339,97402.2811614248,94509.02561194594,93551.94276214557,90448.66143875694,89209.80185296605,84125.51526878102,82572.97386565377,84026.58146061117,70118.35979132776,63075.56452630251,58825.47220110522,56515.075511646515,53837.778050447916,49837.38759846438,49347.29572136646,48767.403867255125,48282.35659208783,43042.59592882247
random,alternate_insert_and_delete,minimum,gb_sets,48274.197441467535,61609.73926758342,58922.310933034794,46292.00999907416,34786.48058218654,37709.09694254642,38531.04253441785,31803.884526456062,25733.468176706578,42843.06584979221,41262.466422667945,35939.16218625112,26593.83501716632,20622.383535088986,27429.27361797605,17439.832577607256,22048.237133200015,22759.70530733568,17039.28748515452,20271.968732515426,13341.516129893002
random,alternate_insert_and_delete,minimum,gb_trees,37958.875354441,41695.15835821145,41286.31647613032,38396.70709839924,37748.81185614683,37898.598509827105,44466.18346747298,28814.873084891497,26485.646104093885,39949.98262175756,32299.011327263273,23175.9915268575,14738.154576712832,21994.022024813654,25752.023465243783,17330.091450892585,20823.35547550132,21102.56691623969,20200.469458910226,14647.679368157702,17467.52350691976
random,alternate_insert_and_delete,minimum,xb5_bag,51374.52542782136,62443.02074357149,55410.87161301047,52370.553085411135,38960.98836235278,30283.667109817663,46684.46901084947,33282.52201638831,29436.95927985423,33360.02135041366,42436.716246896816,22890.680974868323,36572.4317009838,32038.754076931455,32645.06651432302,18959.3587186507,25948.077896129846,26868.286286964045,16125.807096645187,18078.44236140614,26762.798639379318
random,alternate_insert_and_delete,minimum,xb5_sets,72939.99226836082,51190.95762924437,62037.04852537936,59609.320513355466,30023.35817265833,55908.399677967616,52351.36139715313,48421.22592859806,39324.561334518316,41988.75541130085,39552.73764273594,11899.039033607645,33579.01982841121,35939.033024377444,35449.679180403415,37036.07684245223,29866.704896048934,32578.17132208735,26344.282895447446,5037.509294204648,20384.575399486715
random,alternate_insert_and_delete,minimum,xb5_trees,66688.89629876625,44884.31068919859,34484.899062700446,36826.44433314675,49923.86610419111,31234.968171567434,44273.64655462482,32247.97402103213,30187.859046848538,31194.14298771263,32526.460275434067,3235.0011597479156,35007.63166370269,27732.173758707904,27769.83252014007,30309.275850781374,27651.808428271208,18714.010618329627,15295.478044870815,20172.027046653864,24153.364201332784
adversarial,alternate_insert_and_delete,25th_percentile,gb_sets,84327.32772281207,82572.29204168249,67807.84724100362,65623.15065516475,60760.097501649434,59965.42309854061,56927.82668727539,61875.82758919401,54317.42013981304,52543.56311824527,48478.5984284505,45450.757366522885,39783.57733927435,36265.83097664463,33375.49771210963,32139.459542848326,31055.725745628435,29319.438351027038,28975.205957788752,28041.759275896773,26420.13716971432
adversarial,alternate_insert_and_delete,25th_percentile,gb_trees,85493.34683887014,70741.86999059134,64934.64328153713,58132.77525869085,56403.7017000896,56930.74943638558,53010.18325620352,53741.494980795906,50905.00859039086,48241.59390226253,49169.28493108925,39976.68359392854,40233.57067546794,34363.00535700974,31851.895667476645,31642.265206481603,29518.83653163234,28001.97033720393,28033.551152809756,26145.84948984933,26141.309591708166
adversarial,alternate_insert_and_delete,25th_percentile,xb5_bag,86206.19312575398,78971.00790116118,65796.50194780683,58477.550529648,56750.53041579283,58393.47861630813,56908.74338682265,54753.71777743709,52423.34595634686,50345.11576859371,51662.15797629235,43699.42712413073,41958.09675571698,42194.82103863952,40762.52349461823,37735.18331256624,35248.99892843043,34387.6031926571,33122.820280517386,32673.023667237376,30076.908987153605
adversarial,alternate_insert_and_delete,25th_percentile,xb5_sets,85944.65797406307,85519.4753626967,78113.19270884487,73824.72533297245,64437.97200814496,62620.429032990796,63098.003312021756,65529.081806505725,60669.79096364162,58640.8873962928,61824.360936187746,53535.70383342113,48413.72592279068,46039.31340225588,41610.31935920108,40885.59175217297,43651.717136405416,39088.46010504915,37639.6981354073,37056.21820638426,33939.236700088426
adversarial,alternate_insert_and_delete,25th_percentile,xb5_trees,88016.23340143258,67522.66213957546,62010.12005159242,61154.12223537465,55197.08117834729,60960.557554370826,54514.05249913319,53759.773013229686,50098.44344136228,49732.93414364861,53513.350908444685,44801.81221643227,41810.94019769224,37820.40578434661,38191.845277196415,35573.964114881455,36175.79919021044,33648.148415753654,34985.03295230561,31758.083150242444,29995.109461188793
adversarial,alternate_insert_and_delete,75th_percentile,gb_sets,133008.42367341043,133815.06757660912,118405.72623787473,105474.71045503515,109153.0390391525,95918.17282529759,89154.90297083388,99917.06883286872,84622.4147852283,81685.34365946296,77322.03322337427,66752.31011512113,55995.74432343142,51705.40576734045,47426.63100184016,44870.212909160255,43296.41592268992,40298.69391933007,39593.851458968435,37933.78133925781,34926.72461130936
adversarial,alternate_insert_and_delete,75th_percentile,gb_trees,144809.51373782795,130401.89865164437,121856.1123025931,106102.10028673122,100022.49437403344,99293.03360076257,89153.57594993136,93136.6394988317,82764.14622652924,79280.76490081976,77604.80528954352,65778.12160708243,59153.760239924566,50755.495551280816,47356.93074128594,45353.53077237063,41790.111063679855,39805.757216442435,38947.70034101824,38027.69186139685,35130.03931988946
adversarial,alternate_insert_and_delete,75th_percentile,xb5_bag,149225.79494008134,120474.09714410557,115912.14091323473,112122.77615867049,102386.22610298781,103304.7179264677,103250.07059719165,97468.73690263848,96827.04254645485,94446.54325651682,88808.6902745243,84300.19662015664,72408.1631265984,73126.50492607952,66195.83659798221,64308.24671581715,56638.290882934314,57537.717381724906,55080.31389264699,52141.72119821675,48705.47876276195
adversarial,alternate_insert_and_delete,75th_percentile,xb5_sets,141234.94591470272,134921.94562898707,119968.27704017435,119573.97757703274,119020.69769932992,112455.2380263558,118161.09009653683,108143.18157240187,104646.28298428327,99293.91611905833,108924.20356697528,88877.03861707328,81399.498001193,71653.4140735479,66875.76489156095,67754.19165341057,63466.89057133922,61280.14498893195,58940.56066799237,59411.38714910332,52042.26429687052
adversarial,alternate_insert_and_delete,75th_percentile,xb5_trees,150877.28503844657,132577.85881093465,119716.03356837582,116032.89370741235,106060.28466580404,109548.925280577,105319.28423167826,108717.11205440282,100831.8628686665,97668.64934024827,90952.05118765277,76714.37821201085,76486.1309458281,66606.35486099837,63242.70653486886,61084.80784794691,59448.38628859799,55117.22208746364,53997.590218853926,52486.038234085674,47735.38743945514
adversarial,alternate_insert_and_delete,average,gb_sets,113412.79044661418,113704.35577946574,97079.27322951237,90338.11177013883,91609.30295015214,81934.00985337148,78489.16193022016,82336.52001464921,71154.9725119996,69078.8651622929,64585.661677856835,58212.28111020397,49560.178424955746,45420.80983441319,41762.31119759991,40474.94638320842,38045.874419037136,34549.29008472649,35071.59184789461,33720.647800761835,31269.23177018902
adversarial,alternate_insert_and_delete,average,gb_trees,120555.51448561113,104952.58368101846,99291.03111611678,87887.32062202069,82432.41161251825,83111.48075300799,76061.91419943668,76820.517568013,70559.72905584442,65736.10906934927,66699.8090714833,54804.50741384555,50849.436912103716,44170.1577738079,41673.525632130135,40492.15997634973,37278.582838140785,34535.42722372139,34192.63673892375,32709.11152150533,31641.7225564258
adversarial,alternate_insert_and_delete,average,xb5_bag,122885.408153163,107409.9095304474,96305.47745856323,90043.02602078389,84488.05783024796,88494.81952275196,85595.68281881811,79443.00123785893,78460.74824777522,76740.35947771507,75173.3030254772,69111.26677451654,60184.87756792868,60991.22827735745,56442.641307291226,54609.26677702541,47573.88738189791,48470.90115468988,45787.304609241924,45037.073250309164,40351.554761450396
adversarial,alternate_insert_and_delete,average,xb5_sets,120101.45956367016,115555.65072894699,105370.57300415005,100543.18894379877,96591.78763871233,93512.92121998862,97343.23732005728,91461.80559748964,88874.63084044676,82652.10513868897,91619.223279639,73324.91075260818,67381.58110673729,62433.45498159222,56225.24634645266,56356.614416366145,55813.61995989136,52564.74409743466,49212.59846427034,49965.08451330117,44310.606470700724
adversarial,alternate_insert_and_delete,average,xb5_trees,122280.40845126646,105657.14891725527,100593.24438476139,91887.9809883656,86761.64866029378,91739.85960048447,85662.26169600274,87367.52765961832,80770.94056394613,77916.15593505822,77654.5029192906,62868.81890965804,64162.08529885,55725.756324218026,52797.576164849765,49939.429600791394,50648.06803344478,45131.748911313014,47394.454717261906,43539.47480864445,40790.63521657392
adversarial,alternate_insert_and_delete,maximum,gb_sets,208112.21410584587,187655.98904089024,182395.21394958597,154123.5762834641,149458.95856997668,121753.74088368865,119020.69769932992,117942.6091263991,107011.38601147162,107979.69981643451,90909.09090909091,81958.47983411603,66287.94156055072,59883.46677365846,60160.14630947582,56593.41592199163,50327.12632108707,45067.985055456156,43839.84428087311,46083.374040313734,38708.079150280246
adversarial,alternate_insert_and_delete,maximum,gb_trees,238237.04586063133,188643.65214110544,189390.3524554459,156482.27838197324,147760.6867916722,164009.709374795,124831.47750536776,124506.6424293736,114270.04296553615,108061.37886319429,101259.6702985135,74650.82078577454,66012.26507885165,58015.07231578764,74341.70420922729,80484.19290451355,50665.747927770906,45410.99218476824,44744.130688656915,42664.11819667305,38458.58010922237
adversarial,alternate_insert_and_delete,maximum,xb5_bag,210557.34529299053,199139.71642504382,156482.27838197324,147457.8270614604,169445.57408160498,160699.36363052003,139281.58558157025,137145.99190838647,123966.42989078557,120218.31646269625,110906.55014085132,123432.40841315295,91372.59918495642,86046.67171473807,75676.7392406596,72204.25138632163,71769.991531141,113636.36363636363,63948.84092725819,60185.49168537433,52505.014228858854
adversarial,alternate_insert_and_delete,maximum,xb5_sets,212436.00365389927,218598.3473964937,174825.17482517482,177645.13607617424,146853.66032748367,151998.7840097279,166295.2738883161,156482.27838197324,152973.03085466032,141063.6196924813,164953.89538623954,108061.37886319429,95390.7203907204,90851.27646043427,81445.82630863081,83879.24743539201,75358.5181500991,71950.21045436557,67890.50619161417,70289.87544634071,59758.575355563524
adversarial,alternate_insert_and_delete,maximum,xb5_trees,221302.58702724235,169047.4178006931,195867.2020370189,148069.1779199242,155293.97148802684,165144.58408336499,148836.10168482468,161786.11875101118,135845.57075516554,119118.52293031567,129458.21736034694,105904.15673815197,93338.43583449228,82859.65232089887,73313.24550406521,74186.7279943618,68084.17927926088,65529.511215375845,93704.9045147023,62090.59017105958,61636.32105126909
adversarial,alternate_insert_and_delete,median,gb_sets,116407.65962400325,113725.53479432737,100938.2330026523,96030.11504407783,94764.36045018167,87279.67689095685,82383.8616859013,82620.04692818665,74418.05084241234,73804.55078860163,69742.69428259354,60631.92889849178,52255.88662562838,47536.87673212495,44137.24919008148,42855.73474014425,39927.8105185824,35926.05295538612,36779.72783170387,35414.52703899139,32738.378681380324
adversarial,alternate_insert_and_delete,median,gb_trees,120473.24022288005,111685.67184515898,102712.64084470876,94389.55496601526,90620.75215224286,87733.92056570832,83099.96094301836,82572.97386565377,75458.91583458043,70567.64614559516,71305.31509818742,59559.43883149553,53138.367553260374,47285.795347077736,43968.133036438914,42348.83583050302,40230.85725767671,37590.242710066,36864.801406598934,35171.37777995255,33492.70459214664
adversarial,alternate_insert_and_delete,median,xb5_bag,120726.28935677033,108471.10801286332,104132.29593366187,94884.76245599719,92314.79344564966,93643.48054088475,90563.7497151262,86776.93122060431,87439.02968256861,85532.22426549203,84175.45842741286,74612.38864100995,68214.21993628792,65111.81048155397,60363.18778778252,58560.6952325738,53646.054064493284,53030.11822443456,50451.64125604466,49237.09497146281,44716.39910901503
adversarial,alternate_insert_and_delete,median,xb5_sets,123430.88487601368,113141.38788390593,110393.55301650384,106771.44504473724,103454.3404268526,99500.55572201882,101438.92410623544,94759.7839476926,95074.8032026282,90427.39295191564,94074.26222259853,78219.72505373541,72296.38110528662,68360.50702823965,61110.1265590721,61412.20015418459,60261.65611083324,56593.41592199163,53884.2727955155,54000.055928993854,48651.38364535087
adversarial,alternate_insert_and_delete,median,xb5_trees,123753.90148009465,112298.98481717725,104740.55763872887,98473.65829640572,93951.40833161089,96127.05237914545,91255.86318920991,91612.89527593108,87092.84096847239,86671.63584045485,86098.07132930348,64350.89254687962,69708.75681403097,61822.65553034565,58801.04665863053,55112.130058796945,54420.88020331641,51616.26651603301,51090.67238097728,49001.112325249785,44870.212909160255
adversarial,alternate_insert_and_delete,minimum,gb_sets,33872.92909379753,60902.08163315022,42613.39424207817,4596.800810507919,52065.70692213574,52951.51759049414,46247.05175045091,47983.03319946067,49923.61686619472,33610.62095622216,26742.830247210724,21644.927944034873,24292.65851566998,28705.11238051497,22630.168730538055,30251.69409486931,28229.68803371754,17512.368109977673,19417.023292661142,18076.154840342362,23468.449017141356
adversarial,alternate_insert_and_delete,minimum,gb_trees,70152.30064469964,35016.21250639046,50274.246011995434,37180.249851279,33151.44241925966,40321.279958711006,38314.46984268079,29107.844564110026,29054.564472078564,36488.62649512147,28832.319877289647,35652.78466074593,32526.35447871638,30751.915075511326,25036.051914757252,23483.880664312015,19226.665077262354,18465.481552060657,22590.905804959155,20862.758515656456,21733.602540223466
adversarial,alternate_insert_and_delete,minimum,xb5_bag,70359.11291230441,49784.929106260955,55755.9672823984,32922.786189549646,50309.65593226308,37560.660466653644,38728.91694583761,23.495793154596996,35283.5740849205,44493.88209121246,46187.45641058801,26070.860599108375,30431.765894511325,19798.25577366634,34270.165422088496,33398.90651980054,32975.87484995977,18073.867898099532,27066.309752262066,28482.400724592273,21108.803215292904
adversarial,alternate_insert_and_delete,minimum,xb5_sets,54649.28819302128,66565.04403277663,36147.80112925731,36816.9534707342,30964.737357097736,44164.539408018514,55048.497726497044,54649.28819302128,53989.84990821726,19877.988904106594,53010.46426564604,34253.84841986997,39938.81373735437,32284.412762674052,26490.55744080023,26707.903669933043,35831.120761626305,35831.120761626305,27678.5961416037,23464.64933254805,22014.35776413377
adversarial,alternate_insert_and_delete,minimum,xb5_trees,47647.63620076808,41250.551726129335,39629.38598229359,52951.51759049414,45759.46992230042,43987.94730243913,36628.560753962294,29161.06531203798,39357.063018529305,26823.027032246642,29891.61301122131,20341.12059233343,38242.81895467079,23060.231017394333,23603.88897674781,31385.64483376593,27529.55297511879,28619.099814834422,27540.091488183924,29400.609768646602,18782.764184273943
